source,round,log,m,recv,experts,layout,rank0_us,mean_rank_us,max_rank_us,tflops,hbm_gbs
baseline,1,round_01_mimo.log,8,64,39,BN256-standard,511.3,525.9,538.3,9.4,1622.0
baseline,1,round_01_mimo.log,16,118,45,BN256-standard,565.1,588.7,601.6,15.8,1696.0
baseline,1,round_01_mimo.log,32,241,48,BN256-standard,556.5,580.4,587.8,32.7,1841.0
baseline,1,round_01_mimo.log,64,546,48,BN256-standard,543.7,561.2,573.7,75.8,1897.0
baseline,1,round_01_mimo.log,128,984,48,BN256-standard,583.2,592.4,605.9,127.4,1785.0
baseline,1,round_01_mimo.log,256,2037,48,BN256-standard,543.0,581.0,588.0,283.2,1962.0
baseline,1,round_01_mimo.log,512,4097,48,BN256-standard,1023.0,1050.2,1063.0,302.4,1087.0
baseline,1,round_01_mimo.log,1024,8140,48,BN256-standard,1527.0,1546.9,1554.0,402.5,788.0
baseline,1,round_01_mimo.log,2048,16409,48,BN128-split,2870.0,2888.9,2899.0,431.7,484.0
baseline,1,round_01_mimo.log,4096,32686,48,BN128-split,5424.0,5451.8,5461.0,455.0,324.0
baseline,1,round_01_mimo.log,8192,65538,48,BN128-split,10179.0,10184.8,10195.0,486.1,245.0
baseline,2,round_02_mimo.log,8,64,39,BN256-standard,495.6,497.2,502.3,9.8,1674.0
baseline,2,round_02_mimo.log,16,118,45,BN256-standard,576.8,571.8,577.6,15.4,1661.0
baseline,2,round_02_mimo.log,32,241,48,BN256-standard,565.6,560.2,565.6,32.2,1812.0
baseline,2,round_02_mimo.log,64,546,48,BN256-standard,811.1,772.5,811.1,50.8,1272.0
baseline,2,round_02_mimo.log,128,984,48,BN256-standard,593.3,581.9,595.3,125.2,1755.0
baseline,2,round_02_mimo.log,256,2037,48,BN256-standard,563.0,563.7,568.8,273.2,1892.0
baseline,2,round_02_mimo.log,512,4097,48,BN256-standard,1044.0,1047.4,1056.0,296.3,1065.0
baseline,2,round_02_mimo.log,1024,8140,48,BN256-standard,1545.0,1540.5,1547.0,397.8,778.0
baseline,2,round_02_mimo.log,2048,16409,48,BN128-split,2862.0,2855.1,2862.0,432.9,485.0
baseline,2,round_02_mimo.log,4096,32686,48,BN128-split,5508.0,5493.7,5508.0,448.0,319.0
baseline,2,round_02_mimo.log,8192,65538,48,BN128-split,10183.0,10176.5,10183.0,485.9,245.0
baseline,3,round_03_mimo.log,8,64,39,BN256-standard,531.2,528.0,537.6,9.1,1562.0
baseline,3,round_03_mimo.log,16,118,45,BN256-standard,587.6,590.9,601.7,15.2,1631.0
baseline,3,round_03_mimo.log,32,241,48,BN256-standard,563.0,563.7,569.0,32.3,1820.0
baseline,3,round_03_mimo.log,64,546,48,BN256-standard,543.8,545.6,553.1,75.8,1897.0
baseline,3,round_03_mimo.log,128,984,48,BN256-standard,537.0,544.5,550.3,138.3,1939.0
baseline,3,round_03_mimo.log,256,2037,48,BN256-standard,546.8,557.9,563.4,281.3,1948.0
baseline,3,round_03_mimo.log,512,4097,48,BN256-standard,1038.0,1038.9,1046.0,298.0,1071.0
baseline,3,round_03_mimo.log,1024,8140,48,BN256-standard,1532.0,1536.0,1539.0,401.1,785.0
baseline,3,round_03_mimo.log,2048,16409,48,BN128-split,2849.0,2849.9,2855.0,434.8,487.0
baseline,3,round_03_mimo.log,4096,32686,48,BN128-split,5458.0,5456.2,5463.0,452.1,322.0
baseline,3,round_03_mimo.log,8192,65538,48,BN128-split,10185.0,10181.2,10186.0,485.8,245.0
baseline,4,round_04_mimo.log,8,64,39,BN256-standard,489.1,512.0,517.9,9.9,1696.0
baseline,4,round_04_mimo.log,16,118,45,BN256-standard,812.9,799.0,837.6,11.0,1179.0
baseline,4,round_04_mimo.log,32,241,48,BN256-standard,555.0,572.4,579.2,32.8,1846.0
baseline,4,round_04_mimo.log,64,546,48,BN256-standard,521.3,548.0,553.4,79.1,1979.0
baseline,4,round_04_mimo.log,128,984,48,BN256-standard,581.9,599.3,614.2,127.7,1790.0
baseline,4,round_04_mimo.log,256,2037,48,BN256-standard,542.8,562.1,567.4,283.3,1962.0
baseline,4,round_04_mimo.log,512,4097,48,BN256-standard,1023.0,1049.9,1061.0,302.4,1087.0
baseline,4,round_04_mimo.log,1024,8140,48,BN256-standard,1550.0,1578.9,1593.0,396.5,776.0
baseline,4,round_04_mimo.log,2048,16409,48,BN128-split,2854.0,2879.9,2890.0,434.1,487.0
baseline,4,round_04_mimo.log,4096,32686,48,BN128-split,5449.0,5478.8,5491.0,452.9,322.0
baseline,4,round_04_mimo.log,8192,65538,48,BN128-split,10194.0,10217.2,10227.0,485.4,245.0
baseline,5,round_05_mimo.log,8,64,39,BN256-standard,555.6,543.5,555.6,8.7,1493.0
baseline,5,round_05_mimo.log,16,118,45,BN256-standard,565.1,562.0,566.1,15.8,1696.0
baseline,5,round_05_mimo.log,32,241,48,BN256-standard,574.8,569.0,574.8,31.7,1783.0
baseline,5,round_05_mimo.log,64,546,48,BN256-standard,535.4,532.9,537.5,77.0,1927.0
baseline,5,round_05_mimo.log,128,984,48,BN256-standard,551.5,545.7,551.5,134.7,1888.0
baseline,5,round_05_mimo.log,256,2037,48,BN256-standard,564.3,558.0,564.3,272.5,1887.0
baseline,5,round_05_mimo.log,512,4097,48,BN256-standard,1046.0,1049.6,1057.0,295.7,1063.0
baseline,5,round_05_mimo.log,1024,8140,48,BN256-standard,1557.0,1549.2,1557.0,394.7,772.0
baseline,5,round_05_mimo.log,2048,16409,48,BN128-split,2862.0,2856.5,2863.0,432.9,485.0
baseline,5,round_05_mimo.log,4096,32686,48,BN128-split,5429.0,5429.1,5432.0,454.5,323.0
baseline,5,round_05_mimo.log,8192,65538,48,BN128-split,10179.0,10174.1,10182.0,486.1,245.0
baseline,6,round_06_mimo.log,8,64,39,BN256-standard,538.9,529.3,538.9,9.0,1539.0
baseline,6,round_06_mimo.log,16,118,45,BN256-standard,576.0,585.7,593.5,15.5,1663.0
baseline,6,round_06_mimo.log,32,241,48,BN256-standard,583.8,577.6,583.8,31.2,1755.0
baseline,6,round_06_mimo.log,64,546,48,BN256-standard,588.5,577.0,588.5,70.1,1753.0
baseline,6,round_06_mimo.log,128,984,48,BN256-standard,630.0,612.9,630.0,117.9,1653.0
baseline,6,round_06_mimo.log,256,2037,48,BN256-standard,597.4,593.0,604.7,257.4,1783.0
baseline,6,round_06_mimo.log,512,4097,48,BN256-standard,1036.0,1032.9,1038.0,298.6,1073.0
baseline,6,round_06_mimo.log,1024,8140,48,BN256-standard,1574.0,1566.0,1574.0,390.4,764.0
baseline,6,round_06_mimo.log,2048,16409,48,BN128-split,2874.0,2868.5,2874.0,431.1,483.0
baseline,6,round_06_mimo.log,4096,32686,48,BN128-split,5463.0,5457.9,5463.0,451.7,321.0
baseline,6,round_06_mimo.log,8192,65538,48,BN128-split,10194.0,10186.6,10194.0,485.4,245.0
baseline,7,round_07_mimo.log,8,64,39,BN256-standard,508.1,507.4,514.0,9.5,1633.0
baseline,7,round_07_mimo.log,16,118,45,BN256-standard,548.2,559.9,562.5,16.2,1748.0
baseline,7,round_07_mimo.log,32,241,48,BN256-standard,555.8,564.2,569.5,32.7,1844.0
baseline,7,round_07_mimo.log,64,546,48,BN256-standard,540.8,550.1,557.4,76.2,1907.0
baseline,7,round_07_mimo.log,128,984,48,BN256-standard,541.5,545.1,547.4,137.2,1923.0
baseline,7,round_07_mimo.log,256,2037,48,BN256-standard,547.3,549.6,554.1,281.0,1946.0
baseline,7,round_07_mimo.log,512,4097,48,BN256-standard,1029.0,1033.5,1038.0,300.6,1080.0
baseline,7,round_07_mimo.log,1024,8140,48,BN256-standard,1534.0,1535.5,1541.0,400.6,784.0
baseline,7,round_07_mimo.log,2048,16409,48,BN128-split,2858.0,2859.6,2864.0,433.5,486.0
baseline,7,round_07_mimo.log,4096,32686,48,BN128-split,5421.0,5422.1,5427.0,455.2,324.0
baseline,7,round_07_mimo.log,8192,65538,48,BN128-split,10180.0,10182.1,10185.0,486.0,245.0
baseline,8,round_08_mimo.log,8,64,39,BN256-standard,488.4,489.8,494.1,9.9,1698.0
baseline,8,round_08_mimo.log,16,118,45,BN256-standard,566.4,566.2,572.7,15.7,1692.0
baseline,8,round_08_mimo.log,32,241,48,BN256-standard,569.8,569.0,575.5,31.9,1798.0
baseline,8,round_08_mimo.log,64,546,48,BN256-standard,622.6,618.4,634.6,66.2,1657.0
baseline,8,round_08_mimo.log,128,984,48,BN256-standard,588.4,581.5,594.4,126.3,1770.0
baseline,8,round_08_mimo.log,256,2037,48,BN256-standard,564.1,562.2,568.4,272.6,1888.0
baseline,8,round_08_mimo.log,512,4097,48,BN256-standard,1024.0,1026.0,1030.0,302.1,1085.0
baseline,8,round_08_mimo.log,1024,8140,48,BN256-standard,1537.0,1537.3,1542.0,399.8,782.0
baseline,8,round_08_mimo.log,2048,16409,48,BN128-split,2851.0,2852.2,2857.0,434.5,487.0
baseline,8,round_08_mimo.log,4096,32686,48,BN128-split,5430.0,5431.5,5439.0,454.5,323.0
baseline,8,round_08_mimo.log,8192,65538,48,BN128-split,10235.0,10229.6,10246.0,483.4,244.0
baseline,9,round_09_mimo.log,8,64,39,BN256-standard,494.8,492.7,496.1,9.8,1677.0
baseline,9,round_09_mimo.log,16,118,45,BN256-standard,702.6,680.8,702.6,12.7,1364.0
baseline,9,round_09_mimo.log,32,241,48,BN256-standard,581.4,575.7,583.2,31.3,1762.0
baseline,9,round_09_mimo.log,64,546,48,BN256-standard,546.0,542.7,547.2,75.5,1889.0
baseline,9,round_09_mimo.log,128,984,48,BN256-standard,625.2,608.8,625.2,118.8,1666.0
baseline,9,round_09_mimo.log,256,2037,48,BN256-standard,560.3,556.1,560.4,274.5,1901.0
baseline,9,round_09_mimo.log,512,4097,48,BN256-standard,1031.0,1028.0,1032.0,300.0,1078.0
baseline,9,round_09_mimo.log,1024,8140,48,BN256-standard,1544.0,1541.8,1546.0,398.0,779.0
baseline,9,round_09_mimo.log,2048,16409,48,BN128-split,2853.0,2852.4,2855.0,434.2,487.0
baseline,9,round_09_mimo.log,4096,32686,48,BN128-split,5422.0,5419.9,5424.0,455.1,324.0
baseline,9,round_09_mimo.log,8192,65538,48,BN128-split,10205.0,10200.4,10210.0,484.9,245.0
baseline,10,round_10_mimo.log,8,64,39,BN256-standard,500.4,505.6,512.8,9.7,1658.0
baseline,10,round_10_mimo.log,16,118,45,BN256-standard,565.3,567.9,575.2,15.8,1695.0
baseline,10,round_10_mimo.log,32,241,48,BN256-standard,630.1,649.2,667.6,28.9,1626.0
baseline,10,round_10_mimo.log,64,546,48,BN256-standard,524.4,539.8,548.7,78.6,1967.0
baseline,10,round_10_mimo.log,128,984,48,BN256-standard,570.8,567.4,573.4,130.2,1825.0
baseline,10,round_10_mimo.log,256,2037,48,BN256-standard,568.3,567.2,574.4,270.6,1874.0
baseline,10,round_10_mimo.log,512,4097,48,BN256-standard,1034.0,1042.9,1052.0,299.1,1075.0
baseline,10,round_10_mimo.log,1024,8140,48,BN256-standard,1541.0,1541.7,1548.0,398.8,780.0
baseline,10,round_10_mimo.log,2048,16409,48,BN128-split,2865.0,2865.8,2874.0,432.4,485.0
baseline,10,round_10_mimo.log,4096,32686,48,BN128-split,5459.0,5463.4,5471.0,452.0,322.0
baseline,10,round_10_mimo.log,8192,65538,48,BN128-split,10202.0,10203.2,10214.0,485.0,245.0
baseline,11,round_11_mimo.log,8,64,39,BN256-standard,507.1,507.5,513.8,9.5,1636.0
baseline,11,round_11_mimo.log,16,118,45,BN256-standard,564.4,582.4,593.5,15.8,1698.0
baseline,11,round_11_mimo.log,32,241,48,BN256-standard,598.9,593.2,602.7,30.4,1711.0
baseline,11,round_11_mimo.log,64,546,48,BN256-standard,557.3,555.8,567.8,74.0,1851.0
baseline,11,round_11_mimo.log,128,984,48,BN256-standard,558.8,555.5,564.6,133.0,1864.0
baseline,11,round_11_mimo.log,256,2037,48,BN256-standard,573.2,573.6,583.2,268.3,1858.0
baseline,11,round_11_mimo.log,512,4097,48,BN256-standard,1095.0,1089.4,1107.0,282.5,1015.0
baseline,11,round_11_mimo.log,1024,8140,48,BN256-standard,1554.0,1552.9,1562.0,395.5,774.0
baseline,11,round_11_mimo.log,2048,16409,48,BN128-split,2867.0,2869.6,2880.0,432.1,484.0
baseline,11,round_11_mimo.log,4096,32686,48,BN128-split,5463.0,5467.1,5480.0,451.7,321.0
baseline,11,round_11_mimo.log,8192,65538,48,BN128-split,10237.0,10231.8,10245.0,483.3,244.0
baseline,12,round_12_mimo.log,8,64,39,BN256-standard,493.2,492.0,494.8,9.8,1682.0
baseline,12,round_12_mimo.log,16,118,45,BN256-standard,644.5,631.3,644.5,13.8,1487.0
baseline,12,round_12_mimo.log,32,241,48,BN256-standard,568.5,564.2,568.5,32.0,1802.0
baseline,12,round_12_mimo.log,64,546,48,BN256-standard,552.9,546.8,552.9,74.5,1866.0
baseline,12,round_12_mimo.log,128,984,48,BN256-standard,554.9,555.4,562.9,133.9,1877.0
baseline,12,round_12_mimo.log,256,2037,48,BN256-standard,557.0,553.3,557.0,276.1,1912.0
baseline,12,round_12_mimo.log,512,4097,48,BN256-standard,1034.0,1040.4,1048.0,299.1,1075.0
baseline,12,round_12_mimo.log,1024,8140,48,BN256-standard,1538.0,1537.4,1540.0,399.6,782.0
baseline,12,round_12_mimo.log,2048,16409,48,BN128-split,2854.0,2852.4,2855.0,434.1,487.0
baseline,12,round_12_mimo.log,4096,32686,48,BN128-split,5449.0,5450.5,5456.0,452.9,322.0
baseline,12,round_12_mimo.log,8192,65538,48,BN128-split,10175.0,10172.2,10177.0,486.3,245.0
baseline,13,round_13_mimo.log,8,64,39,BN256-standard,509.5,505.7,513.5,9.5,1628.0
baseline,13,round_13_mimo.log,16,118,45,BN256-standard,580.2,574.4,580.9,15.4,1651.0
baseline,13,round_13_mimo.log,32,241,48,BN256-standard,575.8,576.9,584.9,31.6,1779.0
baseline,13,round_13_mimo.log,64,546,48,BN256-standard,548.3,550.9,560.6,75.2,1881.0
baseline,13,round_13_mimo.log,128,984,48,BN256-standard,567.4,564.2,572.6,130.9,1835.0
baseline,13,round_13_mimo.log,256,2037,48,BN256-standard,593.7,586.1,597.4,259.0,1794.0
baseline,13,round_13_mimo.log,512,4097,48,BN256-standard,1047.0,1044.8,1053.0,295.4,1062.0
baseline,13,round_13_mimo.log,1024,8140,48,BN256-standard,1565.0,1558.2,1566.0,392.7,768.0
baseline,13,round_13_mimo.log,2048,16409,48,BN128-split,2862.0,2869.0,2876.0,432.9,485.0
baseline,13,round_13_mimo.log,4096,32686,48,BN128-split,5483.0,5476.6,5490.0,450.1,320.0
baseline,13,round_13_mimo.log,8192,65538,48,BN128-split,10196.0,10195.2,10202.0,485.3,245.0
baseline,14,round_14_mimo.log,8,64,39,BN256-standard,506.5,505.8,512.9,9.5,1638.0
baseline,14,round_14_mimo.log,16,118,45,BN256-standard,584.0,583.0,592.4,15.3,1641.0
baseline,14,round_14_mimo.log,32,241,48,BN256-standard,578.5,585.9,592.9,31.5,1771.0
baseline,14,round_14_mimo.log,64,546,48,BN256-standard,570.9,570.1,579.9,72.2,1807.0
baseline,14,round_14_mimo.log,128,984,48,BN256-standard,581.6,574.4,583.7,127.7,1791.0
baseline,14,round_14_mimo.log,256,2037,48,BN256-standard,578.3,573.4,579.9,265.9,1842.0
baseline,14,round_14_mimo.log,512,4097,48,BN256-standard,1055.0,1047.4,1057.0,293.2,1054.0
baseline,14,round_14_mimo.log,1024,8140,48,BN256-standard,1550.0,1546.8,1551.0,396.5,776.0
baseline,14,round_14_mimo.log,2048,16409,48,BN128-split,2866.0,2864.2,2869.0,432.3,485.0
baseline,14,round_14_mimo.log,4096,32686,48,BN128-split,5470.0,5470.3,5478.0,451.1,321.0
baseline,14,round_14_mimo.log,8192,65538,48,BN128-split,10202.0,10199.5,10207.0,485.0,245.0
baseline,15,round_15_mimo.log,8,64,39,BN256-standard,517.4,508.5,518.6,9.3,1603.0
baseline,15,round_15_mimo.log,16,118,45,BN256-standard,690.2,666.3,690.2,12.9,1388.0
baseline,15,round_15_mimo.log,32,241,48,BN256-standard,606.6,596.1,609.6,30.0,1689.0
baseline,15,round_15_mimo.log,64,546,48,BN256-standard,553.1,545.7,555.6,74.5,1865.0
baseline,15,round_15_mimo.log,128,984,48,BN256-standard,603.1,588.6,603.6,123.2,1727.0
baseline,15,round_15_mimo.log,256,2037,48,BN256-standard,572.8,576.5,586.9,268.5,1860.0
baseline,15,round_15_mimo.log,512,4097,48,BN256-standard,1054.0,1050.9,1060.0,293.5,1055.0
baseline,15,round_15_mimo.log,1024,8140,48,BN256-standard,1564.0,1559.1,1566.0,392.9,769.0
baseline,15,round_15_mimo.log,2048,16409,48,BN128-split,2877.0,2869.8,2879.0,430.6,483.0
baseline,15,round_15_mimo.log,4096,32686,48,BN128-split,5452.0,5447.6,5454.0,452.6,322.0
baseline,15,round_15_mimo.log,8192,65538,48,BN128-split,10207.0,10199.1,10207.0,484.8,245.0
baseline,16,round_16_mimo.log,8,64,39,BN256-standard,515.0,509.2,515.5,9.4,1611.0
baseline,16,round_16_mimo.log,16,118,45,BN256-standard,579.4,577.1,586.7,15.4,1654.0
baseline,16,round_16_mimo.log,32,241,48,BN256-standard,586.0,585.3,597.2,31.0,1749.0
baseline,16,round_16_mimo.log,64,546,48,BN256-standard,574.9,567.7,580.5,71.7,1794.0
baseline,16,round_16_mimo.log,128,984,48,BN256-standard,561.3,554.9,561.3,132.4,1855.0
baseline,16,round_16_mimo.log,256,2037,48,BN256-standard,577.7,571.9,581.0,266.2,1844.0
baseline,16,round_16_mimo.log,512,4097,48,BN256-standard,1043.0,1038.4,1045.0,296.6,1066.0
baseline,16,round_16_mimo.log,1024,8140,48,BN256-standard,1573.0,1564.0,1577.0,390.7,765.0
baseline,16,round_16_mimo.log,2048,16409,48,BN128-split,2879.0,2872.1,2881.0,430.3,482.0
baseline,16,round_16_mimo.log,4096,32686,48,BN128-split,5458.0,5451.8,5462.0,452.1,322.0
baseline,16,round_16_mimo.log,8192,65538,48,BN128-split,10202.0,10197.4,10203.0,485.0,245.0
baseline,17,round_17_mimo.log,8,64,39,BN256-standard,581.8,567.6,581.8,8.3,1426.0
baseline,17,round_17_mimo.log,16,118,45,BN256-standard,572.4,567.1,572.8,15.6,1674.0
baseline,17,round_17_mimo.log,32,241,48,BN256-standard,583.1,584.5,592.9,31.2,1757.0
baseline,17,round_17_mimo.log,64,546,48,BN256-standard,553.4,549.1,554.6,74.5,1864.0
baseline,17,round_17_mimo.log,128,984,48,BN256-standard,641.1,631.3,647.0,115.9,1624.0
baseline,17,round_17_mimo.log,256,2037,48,BN256-standard,555.2,553.1,555.2,277.0,1919.0
baseline,17,round_17_mimo.log,512,4097,48,BN256-standard,1033.0,1028.4,1033.0,299.4,1076.0
baseline,17,round_17_mimo.log,1024,8140,48,BN256-standard,1542.0,1539.6,1545.0,398.5,780.0
baseline,17,round_17_mimo.log,2048,16409,48,BN128-split,2853.0,2849.5,2853.0,434.2,487.0
baseline,17,round_17_mimo.log,4096,32686,48,BN128-split,5434.0,5430.6,5434.0,454.1,323.0
baseline,17,round_17_mimo.log,8192,65538,48,BN128-split,10212.0,10203.4,10212.0,484.5,244.0
baseline,18,round_18_mimo.log,8,64,39,BN256-standard,518.2,515.9,521.6,9.3,1601.0
baseline,18,round_18_mimo.log,16,118,45,BN256-standard,558.4,558.9,564.3,16.0,1716.0
baseline,18,round_18_mimo.log,32,241,48,BN256-standard,567.8,564.7,571.0,32.0,1805.0
baseline,18,round_18_mimo.log,64,546,48,BN256-standard,532.5,532.2,537.0,77.4,1937.0
baseline,18,round_18_mimo.log,128,984,48,BN256-standard,556.6,566.5,577.5,133.5,1871.0
baseline,18,round_18_mimo.log,256,2037,48,BN256-standard,559.7,559.3,564.2,274.8,1903.0
baseline,18,round_18_mimo.log,512,4097,48,BN256-standard,1068.0,1062.4,1073.0,289.6,1041.0
baseline,18,round_18_mimo.log,1024,8140,48,BN256-standard,1549.0,1550.6,1556.0,396.7,776.0
baseline,18,round_18_mimo.log,2048,16409,48,BN128-split,2909.0,2901.1,2914.0,425.9,477.0
baseline,18,round_18_mimo.log,4096,32686,48,BN128-split,5448.0,5447.1,5453.0,453.0,322.0
baseline,18,round_18_mimo.log,8192,65538,48,BN128-split,10174.0,10174.9,10180.0,486.3,245.0
baseline,19,round_19_mimo.log,8,64,39,BN256-standard,499.0,496.2,499.7,9.7,1663.0
baseline,19,round_19_mimo.log,16,118,45,BN256-standard,560.1,561.7,565.3,15.9,1711.0
baseline,19,round_19_mimo.log,32,241,48,BN256-standard,588.8,628.5,642.0,30.9,1740.0
baseline,19,round_19_mimo.log,64,546,48,BN256-standard,566.1,561.2,569.6,72.8,1822.0
baseline,19,round_19_mimo.log,128,984,48,BN256-standard,567.4,596.2,609.1,130.9,1835.0
baseline,19,round_19_mimo.log,256,2037,48,BN256-standard,585.9,583.1,591.5,262.5,1818.0
baseline,19,round_19_mimo.log,512,4097,48,BN256-standard,1051.0,1045.2,1052.0,294.3,1058.0
baseline,19,round_19_mimo.log,1024,8140,48,BN256-standard,1580.0,1572.6,1580.0,389.0,761.0
baseline,19,round_19_mimo.log,2048,16409,48,BN128-split,2871.0,2866.9,2872.0,431.5,484.0
baseline,19,round_19_mimo.log,4096,32686,48,BN128-split,5469.0,5461.6,5469.0,451.2,321.0
baseline,19,round_19_mimo.log,8192,65538,48,BN128-split,10211.0,10203.4,10213.0,484.6,244.0
baseline,20,round_20_mimo.log,8,64,39,BN256-standard,482.9,511.7,520.5,10.0,1718.0
baseline,20,round_20_mimo.log,16,118,45,BN256-standard,551.1,576.1,582.4,16.2,1739.0
baseline,20,round_20_mimo.log,32,241,48,BN256-standard,559.0,581.4,591.4,32.5,1833.0
baseline,20,round_20_mimo.log,64,546,48,BN256-standard,528.8,550.2,558.5,77.9,1951.0
baseline,20,round_20_mimo.log,128,984,48,BN256-standard,534.9,554.3,558.9,138.9,1947.0
baseline,20,round_20_mimo.log,256,2037,48,BN256-standard,544.2,564.8,574.0,282.6,1957.0
baseline,20,round_20_mimo.log,512,4097,48,BN256-standard,1024.0,1046.9,1055.0,302.1,1085.0
baseline,20,round_20_mimo.log,1024,8140,48,BN256-standard,1535.0,1557.1,1565.0,400.4,783.0
baseline,20,round_20_mimo.log,2048,16409,48,BN128-split,2852.0,2875.8,2885.0,434.4,487.0
baseline,20,round_20_mimo.log,4096,32686,48,BN128-split,5431.0,5453.6,5464.0,454.4,323.0
baseline,20,round_20_mimo.log,8192,65538,48,BN128-split,10157.0,10187.5,10195.0,487.1,246.0
baseline,21,round_21_mimo.log,8,64,39,BN256-standard,489.6,492.0,498.1,9.9,1694.0
baseline,21,round_21_mimo.log,16,118,45,BN256-standard,569.0,572.9,579.9,15.7,1684.0
baseline,21,round_21_mimo.log,32,241,48,BN256-standard,581.8,583.8,590.3,31.3,1761.0
baseline,21,round_21_mimo.log,64,546,48,BN256-standard,535.9,538.2,541.7,76.9,1925.0
baseline,21,round_21_mimo.log,128,984,48,BN256-standard,578.6,573.6,583.6,128.4,1800.0
baseline,21,round_21_mimo.log,256,2037,48,BN256-standard,569.3,567.7,575.8,270.1,1871.0
baseline,21,round_21_mimo.log,512,4097,48,BN256-standard,1041.0,1047.6,1058.0,297.1,1068.0
baseline,21,round_21_mimo.log,1024,8140,48,BN256-standard,1542.0,1539.9,1546.0,398.5,780.0
baseline,21,round_21_mimo.log,2048,16409,48,BN128-split,2888.0,2881.4,2888.0,429.0,481.0
baseline,21,round_21_mimo.log,4096,32686,48,BN128-split,5466.0,5462.1,5471.0,451.5,321.0
baseline,21,round_21_mimo.log,8192,65538,48,BN128-split,10217.0,10208.5,10223.0,484.3,244.0
baseline,22,round_22_mimo.log,8,64,39,BN256-standard,495.4,492.0,495.4,9.8,1674.0
baseline,22,round_22_mimo.log,16,118,45,BN256-standard,558.7,559.5,564.3,15.9,1715.0
baseline,22,round_22_mimo.log,32,241,48,BN256-standard,560.1,561.3,564.5,32.5,1830.0
baseline,22,round_22_mimo.log,64,546,48,BN256-standard,628.8,628.9,649.3,65.6,1641.0
baseline,22,round_22_mimo.log,128,984,48,BN256-standard,600.3,614.9,628.1,123.7,1735.0
baseline,22,round_22_mimo.log,256,2037,48,BN256-standard,554.1,578.2,588.2,277.5,1922.0
baseline,22,round_22_mimo.log,512,4097,48,BN256-standard,1014.0,1037.1,1045.0,305.0,1096.0
baseline,22,round_22_mimo.log,1024,8140,48,BN256-standard,1530.0,1557.6,1563.0,401.7,786.0
baseline,22,round_22_mimo.log,2048,16409,48,BN128-split,2846.0,2868.6,2876.0,435.3,488.0
baseline,22,round_22_mimo.log,4096,32686,48,BN128-split,5441.0,5458.6,5465.0,453.5,323.0
baseline,22,round_22_mimo.log,8192,65538,48,BN128-split,10203.0,10223.5,10234.0,485.0,245.0
baseline,23,round_23_mimo.log,8,64,39,BN256-standard,498.9,494.5,499.5,9.7,1663.0
baseline,23,round_23_mimo.log,16,118,45,BN256-standard,627.8,616.2,629.2,14.2,1526.0
baseline,23,round_23_mimo.log,32,241,48,BN256-standard,569.8,564.7,569.8,31.9,1798.0
baseline,23,round_23_mimo.log,64,546,48,BN256-standard,550.9,544.6,550.9,74.8,1872.0
baseline,23,round_23_mimo.log,128,984,48,BN256-standard,570.2,562.7,571.5,130.3,1826.0
baseline,23,round_23_mimo.log,256,2037,48,BN256-standard,553.3,552.0,556.4,278.0,1925.0
baseline,23,round_23_mimo.log,512,4097,48,BN256-standard,1026.0,1027.9,1035.0,301.5,1083.0
baseline,23,round_23_mimo.log,1024,8140,48,BN256-standard,1548.0,1545.4,1552.0,397.0,777.0
baseline,23,round_23_mimo.log,2048,16409,48,BN128-split,2871.0,2867.9,2875.0,431.5,484.0
baseline,23,round_23_mimo.log,4096,32686,48,BN128-split,5464.0,5458.4,5464.0,451.6,321.0
baseline,23,round_23_mimo.log,8192,65538,48,BN128-split,10164.0,10163.8,10168.0,486.8,246.0
baseline,24,round_24_mimo.log,8,64,39,BN256-standard,492.7,493.8,496.9,9.8,1684.0
baseline,24,round_24_mimo.log,16,118,45,BN256-standard,576.1,571.5,576.1,15.5,1663.0
baseline,24,round_24_mimo.log,32,241,48,BN256-standard,585.3,581.4,587.0,31.1,1751.0
baseline,24,round_24_mimo.log,64,546,48,BN256-standard,619.3,607.7,622.9,66.6,1666.0
baseline,24,round_24_mimo.log,128,984,48,BN256-standard,537.4,536.7,539.4,138.2,1938.0
baseline,24,round_24_mimo.log,256,2037,48,BN256-standard,552.1,551.7,553.9,278.6,1929.0
baseline,24,round_24_mimo.log,512,4097,48,BN256-standard,1019.0,1028.4,1031.0,303.5,1091.0
baseline,24,round_24_mimo.log,1024,8140,48,BN256-standard,1546.0,1545.2,1550.0,397.5,778.0
baseline,24,round_24_mimo.log,2048,16409,48,BN128-split,2850.0,2848.1,2850.0,434.7,487.0
baseline,24,round_24_mimo.log,4096,32686,48,BN128-split,5441.0,5439.5,5441.0,453.5,323.0
baseline,24,round_24_mimo.log,8192,65538,48,BN128-split,10178.0,10175.0,10180.0,486.1,245.0
baseline,25,round_25_mimo.log,8,64,39,BN256-standard,504.0,504.8,510.0,9.6,1646.0
baseline,25,round_25_mimo.log,16,118,45,BN256-standard,549.2,557.3,562.7,16.2,1745.0
baseline,25,round_25_mimo.log,32,241,48,BN256-standard,585.1,593.1,608.3,31.1,1751.0
baseline,25,round_25_mimo.log,64,546,48,BN256-standard,529.1,529.4,533.8,77.9,1950.0
baseline,25,round_25_mimo.log,128,984,48,BN256-standard,612.6,604.5,619.2,121.3,1700.0
baseline,25,round_25_mimo.log,256,2037,48,BN256-standard,545.7,555.0,559.2,281.8,1952.0
baseline,25,round_25_mimo.log,512,4097,48,BN256-standard,1031.0,1032.5,1038.0,300.0,1078.0
baseline,25,round_25_mimo.log,1024,8140,48,BN256-standard,1546.0,1542.8,1546.0,397.5,778.0
baseline,25,round_25_mimo.log,2048,16409,48,BN128-split,2858.0,2859.8,2866.0,433.5,486.0
baseline,25,round_25_mimo.log,4096,32686,48,BN128-split,5428.0,5430.2,5435.0,454.6,323.0
baseline,25,round_25_mimo.log,8192,65538,48,BN128-split,10186.0,10184.8,10188.0,485.8,245.0
baseline,26,round_26_mimo.log,8,64,39,BN256-standard,493.6,497.7,502.1,9.8,1680.0
baseline,26,round_26_mimo.log,16,118,45,BN256-standard,604.9,599.8,616.0,14.7,1584.0
baseline,26,round_26_mimo.log,32,241,48,BN256-standard,578.6,578.8,584.7,31.4,1771.0
baseline,26,round_26_mimo.log,64,546,48,BN256-standard,535.8,533.5,537.1,76.9,1925.0
baseline,26,round_26_mimo.log,128,984,48,BN256-standard,540.9,536.7,540.9,137.3,1925.0
baseline,26,round_26_mimo.log,256,2037,48,BN256-standard,574.1,567.5,574.1,267.9,1855.0
baseline,26,round_26_mimo.log,512,4097,48,BN256-standard,1037.0,1034.6,1039.0,298.3,1072.0
baseline,26,round_26_mimo.log,1024,8140,48,BN256-standard,1550.0,1546.4,1550.0,396.5,776.0
baseline,26,round_26_mimo.log,2048,16409,48,BN128-split,2858.0,2854.4,2858.0,433.5,486.0
baseline,26,round_26_mimo.log,4096,32686,48,BN128-split,5436.0,5435.0,5440.0,454.0,323.0
baseline,26,round_26_mimo.log,8192,65538,48,BN128-split,10177.0,10183.6,10187.0,486.2,245.0
baseline,27,round_27_mimo.log,8,64,39,BN256-standard,503.1,499.1,503.7,9.6,1649.0
baseline,27,round_27_mimo.log,16,118,45,BN256-standard,582.0,582.4,591.1,15.3,1646.0
baseline,27,round_27_mimo.log,32,241,48,BN256-standard,584.1,584.2,595.0,31.2,1754.0
baseline,27,round_27_mimo.log,64,546,48,BN256-standard,554.8,566.0,577.7,74.3,1859.0
baseline,27,round_27_mimo.log,128,984,48,BN256-standard,577.3,568.5,577.3,128.7,1804.0
baseline,27,round_27_mimo.log,256,2037,48,BN256-standard,580.8,574.1,582.0,264.8,1834.0
baseline,27,round_27_mimo.log,512,4097,48,BN256-standard,1051.0,1049.0,1057.0,294.3,1058.0
baseline,27,round_27_mimo.log,1024,8140,48,BN256-standard,1570.0,1564.8,1576.0,391.4,766.0
baseline,27,round_27_mimo.log,2048,16409,48,BN128-split,2875.0,2873.0,2881.0,430.9,483.0
baseline,27,round_27_mimo.log,4096,32686,48,BN128-split,5506.0,5499.4,5512.0,448.2,319.0
baseline,27,round_27_mimo.log,8192,65538,48,BN128-split,10198.0,10194.1,10206.0,485.2,245.0
baseline,28,round_28_mimo.log,8,64,39,BN256-standard,513.0,507.0,513.0,9.4,1617.0
baseline,28,round_28_mimo.log,16,118,45,BN256-standard,580.8,578.5,585.8,15.3,1650.0
baseline,28,round_28_mimo.log,32,241,48,BN256-standard,571.4,576.0,581.2,31.8,1793.0
baseline,28,round_28_mimo.log,64,546,48,BN256-standard,542.1,545.8,550.8,76.0,1903.0
baseline,28,round_28_mimo.log,128,984,48,BN256-standard,563.5,559.0,565.7,131.8,1848.0
baseline,28,round_28_mimo.log,256,2037,48,BN256-standard,552.5,550.3,553.9,278.3,1928.0
baseline,28,round_28_mimo.log,512,4097,48,BN256-standard,1027.0,1021.2,1027.0,301.2,1082.0
baseline,28,round_28_mimo.log,1024,8140,48,BN256-standard,1565.0,1556.8,1565.0,392.7,768.0
baseline,28,round_28_mimo.log,2048,16409,48,BN128-split,2857.0,2852.2,2857.0,433.6,486.0
baseline,28,round_28_mimo.log,4096,32686,48,BN128-split,5454.0,5447.5,5454.0,452.5,322.0
baseline,28,round_28_mimo.log,8192,65538,48,BN128-split,10197.0,10190.5,10197.0,485.2,245.0
baseline,29,round_29_mimo.log,8,64,39,BN256-standard,541.9,527.1,541.9,8.9,1531.0
baseline,29,round_29_mimo.log,16,118,45,BN256-standard,574.2,568.9,574.9,15.5,1669.0
baseline,29,round_29_mimo.log,32,241,48,BN256-standard,593.4,583.4,593.4,30.7,1727.0
baseline,29,round_29_mimo.log,64,546,48,BN256-standard,562.2,554.8,562.5,73.3,1835.0
baseline,29,round_29_mimo.log,128,984,48,BN256-standard,608.6,591.2,608.6,122.1,1711.0
baseline,29,round_29_mimo.log,256,2037,48,BN256-standard,602.2,592.1,602.2,255.4,1769.0
baseline,29,round_29_mimo.log,512,4097,48,BN256-standard,1106.0,1095.9,1112.0,279.7,1005.0
baseline,29,round_29_mimo.log,1024,8140,48,BN256-standard,1565.0,1555.6,1565.0,392.7,768.0
baseline,29,round_29_mimo.log,2048,16409,48,BN128-split,2880.0,2871.2,2880.0,430.2,482.0
baseline,29,round_29_mimo.log,4096,32686,48,BN128-split,5486.0,5474.5,5486.0,449.8,320.0
baseline,29,round_29_mimo.log,8192,65538,48,BN128-split,10207.0,10195.2,10207.0,484.8,245.0
baseline,30,round_30_mimo.log,8,64,39,BN256-standard,488.3,489.8,495.9,9.9,1699.0
baseline,30,round_30_mimo.log,16,118,45,BN256-standard,595.6,592.6,599.9,15.0,1609.0
baseline,30,round_30_mimo.log,32,241,48,BN256-standard,590.2,584.1,590.2,30.8,1736.0
baseline,30,round_30_mimo.log,64,546,48,BN256-standard,550.6,549.1,554.3,74.9,1874.0
baseline,30,round_30_mimo.log,128,984,48,BN256-standard,553.4,556.1,565.2,134.2,1882.0
baseline,30,round_30_mimo.log,256,2037,48,BN256-standard,620.3,619.5,634.1,247.9,1717.0
baseline,30,round_30_mimo.log,512,4097,48,BN256-standard,1017.0,1022.3,1028.0,304.1,1093.0
baseline,30,round_30_mimo.log,1024,8140,48,BN256-standard,1540.0,1539.1,1547.0,399.1,781.0
baseline,30,round_30_mimo.log,2048,16409,48,BN128-split,2853.0,2851.6,2857.0,434.2,487.0
baseline,30,round_30_mimo.log,4096,32686,48,BN128-split,5437.0,5448.0,5455.0,453.9,323.0
baseline,30,round_30_mimo.log,8192,65538,48,BN128-split,10195.0,10191.6,10199.0,485.3,245.0
final,1,round_01_mimo.log,8,64,39,BN256-grouped,437.9,438.1,443.1,11.0,1894.0
final,1,round_01_mimo.log,16,118,45,BN256-grouped,500.9,517.5,525.5,17.8,1913.0
final,1,round_01_mimo.log,32,241,48,BN256-grouped,507.1,507.3,512.2,35.9,2021.0
final,1,round_01_mimo.log,64,546,48,BN256-grouped,525.5,539.6,546.5,78.4,1963.0
final,1,round_01_mimo.log,128,984,48,BN256-grouped,558.3,554.6,561.2,133.1,1865.0
final,1,round_01_mimo.log,256,2037,48,BN256-grouped,585.2,576.8,585.2,262.8,1820.0
final,1,round_01_mimo.log,512,4097,48,BN256-grouped,1039.0,1032.8,1041.0,297.7,1070.0
final,1,round_01_mimo.log,1024,8140,48,BN256-grouped,1556.0,1547.8,1559.0,395.0,773.0
final,1,round_01_mimo.log,2048,16409,48,BN256-grouped,2904.0,2899.1,2909.0,426.6,478.0
final,1,round_01_mimo.log,4096,32686,48,BN256-grouped,5470.0,5464.2,5473.0,451.1,321.0
final,1,round_01_mimo.log,8192,65538,48,BN256-grouped,10565.0,10559.8,10571.0,468.3,236.0
final,2,round_02_mimo.log,8,64,39,BN256-grouped,461.4,458.7,466.6,10.5,1798.0
final,2,round_02_mimo.log,16,118,45,BN256-grouped,520.5,513.5,523.0,17.1,1841.0
final,2,round_02_mimo.log,32,241,48,BN256-grouped,541.1,536.7,547.2,33.6,1894.0
final,2,round_02_mimo.log,64,546,48,BN256-grouped,548.0,545.3,553.2,75.2,1882.0
final,2,round_02_mimo.log,128,984,48,BN256-grouped,565.2,559.4,566.4,131.4,1843.0
final,2,round_02_mimo.log,256,2037,48,BN256-grouped,584.5,578.7,587.0,263.1,1822.0
final,2,round_02_mimo.log,512,4097,48,BN256-grouped,1042.0,1036.8,1045.0,296.8,1067.0
final,2,round_02_mimo.log,1024,8140,48,BN256-grouped,1522.0,1532.4,1538.0,403.8,790.0
final,2,round_02_mimo.log,2048,16409,48,BN256-grouped,2882.0,2885.2,2890.0,429.9,482.0
final,2,round_02_mimo.log,4096,32686,48,BN256-grouped,5456.0,5452.4,5461.0,452.3,322.0
final,2,round_02_mimo.log,8192,65538,48,BN256-grouped,10582.0,10575.5,10588.0,467.6,236.0
final,3,round_03_mimo.log,8,64,39,BN256-grouped,459.4,453.2,459.4,10.5,1806.0
final,3,round_03_mimo.log,16,118,45,BN256-grouped,608.4,594.6,614.8,14.6,1575.0
final,3,round_03_mimo.log,32,241,48,BN256-grouped,540.7,532.3,542.0,33.7,1895.0
final,3,round_03_mimo.log,64,546,48,BN256-grouped,546.9,547.7,556.0,75.4,1886.0
final,3,round_03_mimo.log,128,984,48,BN256-grouped,573.1,562.8,573.1,129.6,1817.0
final,3,round_03_mimo.log,256,2037,48,BN256-grouped,614.4,601.1,614.4,250.3,1734.0
final,3,round_03_mimo.log,512,4097,48,BN256-grouped,1024.0,1018.5,1024.0,302.1,1085.0
final,3,round_03_mimo.log,1024,8140,48,BN256-grouped,1547.0,1543.1,1549.0,397.3,777.0
final,3,round_03_mimo.log,2048,16409,48,BN256-grouped,2900.0,2894.8,2900.0,427.2,479.0
final,3,round_03_mimo.log,4096,32686,48,BN256-grouped,5437.0,5432.5,5437.0,453.9,323.0
final,3,round_03_mimo.log,8192,65538,48,BN256-grouped,10559.0,10567.0,10577.0,468.6,236.0
final,4,round_04_mimo.log,8,64,39,BN256-grouped,438.6,434.2,438.6,11.0,1892.0
final,4,round_04_mimo.log,16,118,45,BN256-grouped,498.3,495.0,499.0,17.9,1923.0
final,4,round_04_mimo.log,32,241,48,BN256-grouped,517.7,515.2,522.3,35.1,1979.0
final,4,round_04_mimo.log,64,546,48,BN256-grouped,541.7,535.5,541.7,76.1,1904.0
final,4,round_04_mimo.log,128,984,48,BN256-grouped,578.1,571.4,579.9,128.5,1801.0
final,4,round_04_mimo.log,256,2037,48,BN256-grouped,554.4,550.9,554.6,277.4,1921.0
final,4,round_04_mimo.log,512,4097,48,BN256-grouped,1028.0,1020.1,1028.0,300.9,1081.0
final,4,round_04_mimo.log,1024,8140,48,BN256-grouped,1524.0,1519.9,1525.0,403.2,789.0
final,4,round_04_mimo.log,2048,16409,48,BN256-grouped,2899.0,2891.4,2899.0,427.3,479.0
final,4,round_04_mimo.log,4096,32686,48,BN256-grouped,5458.0,5457.4,5464.0,452.1,322.0
final,4,round_04_mimo.log,8192,65538,48,BN256-grouped,10587.0,10583.2,10594.0,467.4,236.0
final,5,round_05_mimo.log,8,64,39,BN256-grouped,443.7,437.6,443.7,10.9,1870.0
final,5,round_05_mimo.log,16,118,45,BN256-grouped,557.9,549.7,561.8,16.0,1718.0
final,5,round_05_mimo.log,32,241,48,BN256-grouped,530.0,521.7,530.0,34.3,1933.0
final,5,round_05_mimo.log,64,546,48,BN256-grouped,525.6,522.3,526.5,78.4,1962.0
final,5,round_05_mimo.log,128,984,48,BN256-grouped,560.0,552.7,560.0,132.7,1860.0
final,5,round_05_mimo.log,256,2037,48,BN256-grouped,556.3,550.4,556.3,276.4,1915.0
final,5,round_05_mimo.log,512,4097,48,BN256-grouped,1026.0,1020.8,1026.0,301.5,1083.0
final,5,round_05_mimo.log,1024,8140,48,BN256-grouped,1543.0,1535.4,1543.0,398.3,779.0
final,5,round_05_mimo.log,2048,16409,48,BN256-grouped,2912.0,2900.8,2912.0,425.4,477.0
final,5,round_05_mimo.log,4096,32686,48,BN256-grouped,5454.0,5455.1,5465.0,452.5,322.0
final,5,round_05_mimo.log,8192,65538,48,BN256-grouped,10618.0,10601.6,10619.0,466.0,235.0
final,6,round_06_mimo.log,8,64,39,BN256-grouped,468.9,462.9,474.1,10.3,1769.0
final,6,round_06_mimo.log,16,118,45,BN256-grouped,513.4,507.2,515.6,17.4,1866.0
final,6,round_06_mimo.log,32,241,48,BN256-grouped,542.9,534.5,542.9,33.5,1887.0
final,6,round_06_mimo.log,64,546,48,BN256-grouped,529.2,525.9,531.4,77.9,1949.0
final,6,round_06_mimo.log,128,984,48,BN256-grouped,638.9,621.4,641.7,116.3,1630.0
final,6,round_06_mimo.log,256,2037,48,BN256-grouped,606.5,595.4,612.0,253.6,1756.0
final,6,round_06_mimo.log,512,4097,48,BN256-grouped,1040.0,1035.9,1051.0,297.4,1069.0
final,6,round_06_mimo.log,1024,8140,48,BN256-grouped,1556.0,1547.9,1563.0,395.0,773.0
final,6,round_06_mimo.log,2048,16409,48,BN256-grouped,2913.0,2903.4,2913.0,425.3,477.0
final,6,round_06_mimo.log,4096,32686,48,BN256-grouped,5480.0,5480.4,5492.0,450.3,320.0
final,6,round_06_mimo.log,8192,65538,48,BN256-grouped,10615.0,10599.9,10615.0,466.1,235.0
final,7,round_07_mimo.log,8,64,39,BN256-grouped,466.6,473.1,487.0,10.4,1778.0
final,7,round_07_mimo.log,16,118,45,BN256-grouped,483.1,485.3,487.7,18.4,1984.0
final,7,round_07_mimo.log,32,241,48,BN256-grouped,530.8,582.3,597.2,34.3,1931.0
final,7,round_07_mimo.log,64,546,48,BN256-grouped,546.0,552.3,559.2,75.5,1889.0
final,7,round_07_mimo.log,128,984,48,BN256-grouped,543.0,545.7,550.8,136.8,1918.0
final,7,round_07_mimo.log,256,2037,48,BN256-grouped,558.8,558.8,563.5,275.2,1906.0
final,7,round_07_mimo.log,512,4097,48,BN256-grouped,1013.0,1013.1,1017.0,305.3,1097.0
final,7,round_07_mimo.log,1024,8140,48,BN256-grouped,1622.0,1610.9,1627.0,378.9,741.0
final,7,round_07_mimo.log,2048,16409,48,BN256-grouped,2898.0,2892.2,2898.0,427.5,479.0
final,7,round_07_mimo.log,4096,32686,48,BN256-grouped,5439.0,5449.0,5455.0,453.7,323.0
final,7,round_07_mimo.log,8192,65538,48,BN256-grouped,10541.0,10543.4,10551.0,469.4,237.0
final,8,round_08_mimo.log,8,64,39,BN256-grouped,462.6,464.3,474.8,10.4,1793.0
final,8,round_08_mimo.log,16,118,45,BN256-grouped,480.6,494.7,499.4,18.5,1994.0
final,8,round_08_mimo.log,32,241,48,BN256-grouped,518.9,533.6,541.9,35.1,1974.0
final,8,round_08_mimo.log,64,546,48,BN256-grouped,542.2,556.4,565.0,76.0,1903.0
final,8,round_08_mimo.log,128,984,48,BN256-grouped,538.3,537.9,541.9,138.0,1935.0
final,8,round_08_mimo.log,256,2037,48,BN256-grouped,541.5,572.6,581.4,284.0,1967.0
final,8,round_08_mimo.log,512,4097,48,BN256-grouped,1046.0,1052.1,1063.0,295.7,1063.0
final,8,round_08_mimo.log,1024,8140,48,BN256-grouped,1556.0,1571.0,1591.0,395.0,773.0
final,8,round_08_mimo.log,2048,16409,48,BN256-grouped,2902.0,2899.4,2909.0,426.9,479.0
final,8,round_08_mimo.log,4096,32686,48,BN256-grouped,5463.0,5461.2,5473.0,451.7,321.0
final,8,round_08_mimo.log,8192,65538,48,BN256-grouped,10595.0,10596.3,10611.0,467.0,236.0
final,9,round_09_mimo.log,8,64,39,BN256-grouped,525.0,515.9,532.1,9.2,1580.0
final,9,round_09_mimo.log,16,118,45,BN256-grouped,497.3,492.7,497.3,17.9,1927.0
final,9,round_09_mimo.log,32,241,48,BN256-grouped,536.3,526.2,536.4,33.9,1911.0
final,9,round_09_mimo.log,64,546,48,BN256-grouped,560.3,552.9,560.3,73.6,1841.0
final,9,round_09_mimo.log,128,984,48,BN256-grouped,568.7,560.0,568.7,130.6,1831.0
final,9,round_09_mimo.log,256,2037,48,BN256-grouped,567.7,563.8,569.8,270.9,1876.0
final,9,round_09_mimo.log,512,4097,48,BN256-grouped,1023.0,1029.6,1038.0,302.4,1087.0
final,9,round_09_mimo.log,1024,8140,48,BN256-grouped,1566.0,1557.8,1569.0,392.4,768.0
final,9,round_09_mimo.log,2048,16409,48,BN256-grouped,2911.0,2904.0,2912.0,425.6,477.0
final,9,round_09_mimo.log,4096,32686,48,BN256-grouped,5466.0,5468.5,5482.0,451.5,321.0
final,9,round_09_mimo.log,8192,65538,48,BN256-grouped,10571.0,10560.2,10576.0,468.1,236.0
final,10,round_10_mimo.log,8,64,39,BN256-grouped,425.7,452.7,461.4,11.3,1948.0
final,10,round_10_mimo.log,16,118,45,BN256-grouped,480.0,512.1,520.2,18.6,1996.0
final,10,round_10_mimo.log,32,241,48,BN256-grouped,503.3,528.2,536.7,36.2,2036.0
final,10,round_10_mimo.log,64,546,48,BN256-grouped,514.8,552.9,561.0,80.1,2004.0
final,10,round_10_mimo.log,128,984,48,BN256-grouped,604.6,597.6,611.1,122.9,1722.0
final,10,round_10_mimo.log,256,2037,48,BN256-grouped,542.1,570.1,578.5,283.7,1965.0
final,10,round_10_mimo.log,512,4097,48,BN256-grouped,1019.0,1019.9,1025.0,303.5,1091.0
final,10,round_10_mimo.log,1024,8140,48,BN256-grouped,1520.0,1524.2,1531.0,404.3,791.0
final,10,round_10_mimo.log,2048,16409,48,BN256-grouped,2872.0,2898.0,2908.0,431.4,484.0
final,10,round_10_mimo.log,4096,32686,48,BN256-grouped,5437.0,5462.5,5477.0,453.9,323.0
final,10,round_10_mimo.log,8192,65538,48,BN256-grouped,10541.0,10572.0,10585.0,469.4,237.0
final,11,round_11_mimo.log,8,64,39,BN256-grouped,430.3,432.3,438.0,11.2,1928.0
final,11,round_11_mimo.log,16,118,45,BN256-grouped,571.2,565.7,580.6,15.6,1678.0
final,11,round_11_mimo.log,32,241,48,BN256-grouped,631.9,616.3,641.5,28.8,1622.0
final,11,round_11_mimo.log,64,546,48,BN256-grouped,571.4,579.4,592.4,72.1,1805.0
final,11,round_11_mimo.log,128,984,48,BN256-grouped,599.6,587.6,600.5,123.9,1737.0
final,11,round_11_mimo.log,256,2037,48,BN256-grouped,568.7,569.3,580.4,270.4,1873.0
final,11,round_11_mimo.log,512,4097,48,BN256-grouped,1028.0,1027.4,1035.0,300.9,1081.0
final,11,round_11_mimo.log,1024,8140,48,BN256-grouped,1552.0,1548.8,1557.0,396.0,775.0
final,11,round_11_mimo.log,2048,16409,48,BN256-grouped,2907.0,2898.9,2907.0,426.2,478.0
final,11,round_11_mimo.log,4096,32686,48,BN256-grouped,5454.0,5449.0,5457.0,452.5,322.0
final,11,round_11_mimo.log,8192,65538,48,BN256-grouped,10592.0,10575.5,10593.0,467.1,236.0
final,12,round_12_mimo.log,8,64,39,BN256-grouped,461.6,458.6,467.1,10.5,1797.0
final,12,round_12_mimo.log,16,118,45,BN256-grouped,513.2,512.9,519.0,17.4,1867.0
final,12,round_12_mimo.log,32,241,48,BN256-grouped,531.8,525.2,533.0,34.2,1927.0
final,12,round_12_mimo.log,64,546,48,BN256-grouped,593.7,583.6,596.5,69.4,1737.0
final,12,round_12_mimo.log,128,984,48,BN256-grouped,634.0,620.7,640.2,117.2,1643.0
final,12,round_12_mimo.log,256,2037,48,BN256-grouped,592.6,586.6,596.0,259.5,1797.0
final,12,round_12_mimo.log,512,4097,48,BN256-grouped,1031.0,1029.2,1035.0,300.0,1078.0
final,12,round_12_mimo.log,1024,8140,48,BN256-grouped,1560.0,1552.8,1561.0,393.9,771.0
final,12,round_12_mimo.log,2048,16409,48,BN256-grouped,2925.0,2918.1,2930.0,423.5,475.0
final,12,round_12_mimo.log,4096,32686,48,BN256-grouped,5459.0,5454.5,5459.0,452.0,322.0
final,12,round_12_mimo.log,8192,65538,48,BN256-grouped,10546.0,10539.4,10547.0,469.2,237.0
final,13,round_13_mimo.log,8,64,39,BN256-grouped,436.1,433.5,436.8,11.1,1902.0
final,13,round_13_mimo.log,16,118,45,BN256-grouped,568.3,558.9,574.3,15.7,1686.0
final,13,round_13_mimo.log,32,241,48,BN256-grouped,602.4,584.6,602.4,30.2,1701.0
final,13,round_13_mimo.log,64,546,48,BN256-grouped,529.3,525.4,529.3,77.9,1949.0
final,13,round_13_mimo.log,128,984,48,BN256-grouped,627.8,610.8,627.8,118.3,1659.0
final,13,round_13_mimo.log,256,2037,48,BN256-grouped,562.3,557.2,562.3,273.5,1894.0
final,13,round_13_mimo.log,512,4097,48,BN256-grouped,1043.0,1033.6,1043.0,296.6,1066.0
final,13,round_13_mimo.log,1024,8140,48,BN256-grouped,1546.0,1542.4,1548.0,397.5,778.0
final,13,round_13_mimo.log,2048,16409,48,BN256-grouped,2886.0,2878.9,2886.0,429.3,481.0
final,13,round_13_mimo.log,4096,32686,48,BN256-grouped,5458.0,5450.4,5458.0,452.1,322.0
final,13,round_13_mimo.log,8192,65538,48,BN256-grouped,10565.0,10555.8,10566.0,468.3,236.0
final,14,round_14_mimo.log,8,64,39,BN256-grouped,431.8,434.5,440.0,11.2,1921.0
final,14,round_14_mimo.log,16,118,45,BN256-grouped,499.6,497.2,502.6,17.8,1918.0
final,14,round_14_mimo.log,32,241,48,BN256-grouped,541.6,539.2,548.3,33.6,1892.0
final,14,round_14_mimo.log,64,546,48,BN256-grouped,537.8,542.7,548.3,76.7,1918.0
final,14,round_14_mimo.log,128,984,48,BN256-grouped,538.2,538.4,543.8,138.0,1935.0
final,14,round_14_mimo.log,256,2037,48,BN256-grouped,561.5,564.3,569.3,273.9,1897.0
final,14,round_14_mimo.log,512,4097,48,BN256-grouped,1019.0,1026.2,1033.0,303.5,1091.0
final,14,round_14_mimo.log,1024,8140,48,BN256-grouped,1521.0,1532.5,1539.0,404.0,791.0
final,14,round_14_mimo.log,2048,16409,48,BN256-grouped,2883.0,2889.1,2893.0,429.7,482.0
final,14,round_14_mimo.log,4096,32686,48,BN256-grouped,5443.0,5443.8,5447.0,453.4,323.0
final,14,round_14_mimo.log,8192,65538,48,BN256-grouped,10527.0,10527.7,10532.0,470.0,237.0
final,15,round_15_mimo.log,8,64,39,BN256-grouped,467.1,460.8,469.5,10.3,1776.0
final,15,round_15_mimo.log,16,118,45,BN256-grouped,524.7,519.2,529.2,17.0,1826.0
final,15,round_15_mimo.log,32,241,48,BN256-grouped,527.4,520.0,527.4,34.5,1943.0
final,15,round_15_mimo.log,64,546,48,BN256-grouped,601.8,585.4,601.8,68.5,1714.0
final,15,round_15_mimo.log,128,984,48,BN256-grouped,545.6,563.8,573.3,136.2,1909.0
final,15,round_15_mimo.log,256,2037,48,BN256-grouped,560.6,556.4,562.2,274.3,1900.0
final,15,round_15_mimo.log,512,4097,48,BN256-grouped,1049.0,1035.2,1049.0,294.9,1060.0
final,15,round_15_mimo.log,1024,8140,48,BN256-grouped,1560.0,1547.9,1560.0,393.9,771.0
final,15,round_15_mimo.log,2048,16409,48,BN256-grouped,2921.0,2908.0,2921.0,424.1,475.0
final,15,round_15_mimo.log,4096,32686,48,BN256-grouped,5458.0,5445.6,5458.0,452.1,322.0
final,15,round_15_mimo.log,8192,65538,48,BN256-grouped,10552.0,10546.1,10555.0,468.9,237.0
final,16,round_16_mimo.log,8,64,39,BN256-grouped,484.1,473.4,484.1,10.0,1714.0
final,16,round_16_mimo.log,16,118,45,BN256-grouped,502.7,496.2,502.7,17.7,1906.0
final,16,round_16_mimo.log,32,241,48,BN256-grouped,501.8,497.7,501.8,36.3,2042.0
final,16,round_16_mimo.log,64,546,48,BN256-grouped,544.0,539.4,544.6,75.8,1896.0
final,16,round_16_mimo.log,128,984,48,BN256-grouped,571.2,560.6,571.2,130.0,1823.0
final,16,round_16_mimo.log,256,2037,48,BN256-grouped,565.9,555.8,565.9,271.8,1882.0
final,16,round_16_mimo.log,512,4097,48,BN256-grouped,1032.0,1022.1,1032.0,299.7,1077.0
final,16,round_16_mimo.log,1024,8140,48,BN256-grouped,1534.0,1525.1,1534.0,400.6,784.0
final,16,round_16_mimo.log,2048,16409,48,BN256-grouped,2908.0,2897.1,2908.0,426.0,478.0
final,16,round_16_mimo.log,4096,32686,48,BN256-grouped,5449.0,5448.2,5454.0,452.9,322.0
final,16,round_16_mimo.log,8192,65538,48,BN256-grouped,10575.0,10563.4,10575.0,467.9,236.0
final,17,round_17_mimo.log,8,64,39,BN256-grouped,434.2,434.1,437.9,11.1,1910.0
final,17,round_17_mimo.log,16,118,45,BN256-grouped,500.5,496.7,500.6,17.8,1914.0
final,17,round_17_mimo.log,32,241,48,BN256-grouped,625.9,604.8,625.9,29.1,1637.0
final,17,round_17_mimo.log,64,546,48,BN256-grouped,534.2,529.7,534.2,77.2,1931.0
final,17,round_17_mimo.log,128,984,48,BN256-grouped,581.4,571.1,581.4,127.8,1791.0
final,17,round_17_mimo.log,256,2037,48,BN256-grouped,577.0,570.2,577.0,266.5,1846.0
final,17,round_17_mimo.log,512,4097,48,BN256-grouped,1012.0,1011.9,1013.0,305.6,1098.0
final,17,round_17_mimo.log,1024,8140,48,BN256-grouped,1550.0,1541.9,1550.0,396.5,776.0
final,17,round_17_mimo.log,2048,16409,48,BN256-grouped,2885.0,2884.5,2888.0,429.4,481.0
final,17,round_17_mimo.log,4096,32686,48,BN256-grouped,5413.0,5407.9,5413.0,455.9,324.0
final,17,round_17_mimo.log,8192,65538,48,BN256-grouped,10550.0,10545.8,10554.0,469.0,237.0
final,18,round_18_mimo.log,8,64,39,BN256-grouped,498.4,485.4,498.7,9.7,1664.0
final,18,round_18_mimo.log,16,118,45,BN256-grouped,494.9,494.4,498.9,18.0,1936.0
final,18,round_18_mimo.log,32,241,48,BN256-grouped,501.0,499.7,504.4,36.3,2045.0
final,18,round_18_mimo.log,64,546,48,BN256-grouped,567.0,556.9,567.0,72.7,1819.0
final,18,round_18_mimo.log,128,984,48,BN256-grouped,567.1,558.9,567.9,131.0,1836.0
final,18,round_18_mimo.log,256,2037,48,BN256-grouped,567.0,558.8,567.0,271.2,1878.0
final,18,round_18_mimo.log,512,4097,48,BN256-grouped,1018.0,1013.9,1019.0,303.8,1092.0
final,18,round_18_mimo.log,1024,8140,48,BN256-grouped,1539.0,1537.1,1545.0,399.3,781.0
final,18,round_18_mimo.log,2048,16409,48,BN256-grouped,2889.0,2882.5,2889.0,428.8,481.0
final,18,round_18_mimo.log,4096,32686,48,BN256-grouped,5446.0,5443.0,5448.0,453.1,322.0
final,18,round_18_mimo.log,8192,65538,48,BN256-grouped,10533.0,10537.0,10540.0,469.8,237.0
final,19,round_19_mimo.log,8,64,39,BN256-grouped,459.9,453.7,462.5,10.5,1804.0
final,19,round_19_mimo.log,16,118,45,BN256-grouped,576.2,555.7,576.2,15.5,1663.0
final,19,round_19_mimo.log,32,241,48,BN256-grouped,510.7,502.4,510.7,35.6,2006.0
final,19,round_19_mimo.log,64,546,48,BN256-grouped,538.4,533.9,539.9,76.6,1916.0
final,19,round_19_mimo.log,128,984,48,BN256-grouped,570.0,560.4,570.0,130.3,1827.0
final,19,round_19_mimo.log,256,2037,48,BN256-grouped,563.7,556.1,563.7,272.8,1889.0
final,19,round_19_mimo.log,512,4097,48,BN256-grouped,1048.0,1037.4,1048.0,295.1,1061.0
final,19,round_19_mimo.log,1024,8140,48,BN256-grouped,1573.0,1560.6,1573.0,390.7,765.0
final,19,round_19_mimo.log,2048,16409,48,BN256-grouped,3064.0,3032.0,3064.0,404.3,453.0
final,19,round_19_mimo.log,4096,32686,48,BN256-grouped,5480.0,5527.4,5546.0,450.3,320.0
final,19,round_19_mimo.log,8192,65538,48,BN256-grouped,10536.0,10529.2,10537.0,469.6,237.0
final,20,round_20_mimo.log,8,64,39,BN256-grouped,460.5,455.5,466.0,10.5,1802.0
final,20,round_20_mimo.log,16,118,45,BN256-grouped,601.8,587.1,605.7,14.8,1592.0
final,20,round_20_mimo.log,32,241,48,BN256-grouped,514.0,515.2,523.5,35.4,1993.0
final,20,round_20_mimo.log,64,546,48,BN256-grouped,638.6,622.6,641.5,64.5,1615.0
final,20,round_20_mimo.log,128,984,48,BN256-grouped,557.4,552.4,558.7,133.3,1868.0
final,20,round_20_mimo.log,256,2037,48,BN256-grouped,556.3,555.0,559.0,276.4,1915.0
final,20,round_20_mimo.log,512,4097,48,BN256-grouped,1023.0,1020.9,1026.0,302.4,1087.0
final,20,round_20_mimo.log,1024,8140,48,BN256-grouped,1536.0,1532.6,1539.0,400.1,783.0
final,20,round_20_mimo.log,2048,16409,48,BN256-grouped,2881.0,2879.7,2885.0,430.0,482.0
final,20,round_20_mimo.log,4096,32686,48,BN256-grouped,5438.0,5435.9,5443.0,453.8,323.0
final,20,round_20_mimo.log,8192,65538,48,BN256-grouped,10553.0,10548.1,10558.0,468.9,236.0
final,21,round_21_mimo.log,8,64,39,BN256-grouped,431.5,452.1,459.5,11.2,1922.0
final,21,round_21_mimo.log,16,118,45,BN256-grouped,519.8,515.5,522.4,17.1,1843.0
final,21,round_21_mimo.log,32,241,48,BN256-grouped,517.6,512.9,517.6,35.2,1980.0
final,21,round_21_mimo.log,64,546,48,BN256-grouped,562.6,563.1,570.3,73.3,1834.0
final,21,round_21_mimo.log,128,984,48,BN256-grouped,541.0,540.4,543.8,137.3,1925.0
final,21,round_21_mimo.log,256,2037,48,BN256-grouped,572.9,570.3,576.8,268.5,1859.0
final,21,round_21_mimo.log,512,4097,48,BN256-grouped,1030.0,1041.8,1048.0,300.3,1079.0
final,21,round_21_mimo.log,1024,8140,48,BN256-grouped,1551.0,1551.5,1562.0,396.2,775.0
final,21,round_21_mimo.log,2048,16409,48,BN256-grouped,2877.0,2878.5,2881.0,430.6,483.0
final,21,round_21_mimo.log,4096,32686,48,BN256-grouped,5439.0,5440.5,5447.0,453.7,323.0
final,21,round_21_mimo.log,8192,65538,48,BN256-grouped,10571.0,10570.0,10578.0,468.1,236.0
final,22,round_22_mimo.log,8,64,39,BN256-grouped,433.7,453.7,461.3,11.1,1913.0
final,22,round_22_mimo.log,16,118,45,BN256-grouped,535.2,530.6,545.9,16.6,1790.0
final,22,round_22_mimo.log,32,241,48,BN256-grouped,506.1,530.2,542.8,35.9,2025.0
final,22,round_22_mimo.log,64,546,48,BN256-grouped,526.0,560.3,570.6,78.4,1961.0
final,22,round_22_mimo.log,128,984,48,BN256-grouped,598.1,613.3,630.1,124.2,1741.0
final,22,round_22_mimo.log,256,2037,48,BN256-grouped,569.8,596.4,611.5,269.9,1869.0
final,22,round_22_mimo.log,512,4097,48,BN256-grouped,1008.0,1037.0,1050.0,306.9,1103.0
final,22,round_22_mimo.log,1024,8140,48,BN256-grouped,1510.0,1545.3,1555.0,407.0,796.0
final,22,round_22_mimo.log,2048,16409,48,BN256-grouped,2882.0,2883.6,2890.0,429.9,482.0
final,22,round_22_mimo.log,4096,32686,48,BN256-grouped,5447.0,5443.5,5450.0,453.0,322.0
final,22,round_22_mimo.log,8192,65538,48,BN256-grouped,10575.0,10584.5,10597.0,467.9,236.0
final,23,round_23_mimo.log,8,64,39,BN256-grouped,445.1,443.3,447.3,10.9,1864.0
final,23,round_23_mimo.log,16,118,45,BN256-grouped,510.5,505.8,513.9,17.5,1877.0
final,23,round_23_mimo.log,32,241,48,BN256-grouped,573.0,567.7,579.5,31.8,1788.0
final,23,round_23_mimo.log,64,546,48,BN256-grouped,539.2,551.0,562.3,76.5,1913.0
final,23,round_23_mimo.log,128,984,48,BN256-grouped,537.1,535.5,541.9,138.3,1939.0
final,23,round_23_mimo.log,256,2037,48,BN256-grouped,551.5,550.9,556.9,278.9,1931.0
final,23,round_23_mimo.log,512,4097,48,BN256-grouped,1016.0,1012.7,1017.0,304.4,1094.0
final,23,round_23_mimo.log,1024,8140,48,BN256-grouped,1522.0,1525.4,1531.0,403.8,790.0
final,23,round_23_mimo.log,2048,16409,48,BN256-grouped,2880.0,2881.9,2889.0,430.2,482.0
final,23,round_23_mimo.log,4096,32686,48,BN256-grouped,5450.0,5446.3,5450.0,452.8,322.0
final,23,round_23_mimo.log,8192,65538,48,BN256-grouped,10558.0,10554.0,10564.0,468.6,236.0
final,24,round_24_mimo.log,8,64,39,BN256-grouped,457.9,458.6,468.2,10.6,1812.0
final,24,round_24_mimo.log,16,118,45,BN256-grouped,659.9,639.2,670.1,13.5,1452.0
final,24,round_24_mimo.log,32,241,48,BN256-grouped,566.2,556.8,569.5,32.1,1810.0
final,24,round_24_mimo.log,64,546,48,BN256-grouped,566.7,573.7,585.4,72.7,1820.0
final,24,round_24_mimo.log,128,984,48,BN256-grouped,586.7,582.9,598.6,126.6,1775.0
final,24,round_24_mimo.log,256,2037,48,BN256-grouped,593.7,587.5,599.3,259.0,1794.0
final,24,round_24_mimo.log,512,4097,48,BN256-grouped,1025.0,1022.5,1030.0,301.8,1084.0
final,24,round_24_mimo.log,1024,8140,48,BN256-grouped,1576.0,1572.3,1588.0,389.9,763.0
final,24,round_24_mimo.log,2048,16409,48,BN256-grouped,2944.0,2930.6,2945.0,420.8,472.0
final,24,round_24_mimo.log,4096,32686,48,BN256-grouped,5468.0,5458.5,5468.0,451.3,321.0
final,24,round_24_mimo.log,8192,65538,48,BN256-grouped,10555.0,10562.0,10572.0,468.8,236.0
final,25,round_25_mimo.log,8,64,39,BN256-grouped,437.8,433.3,439.0,11.0,1895.0
final,25,round_25_mimo.log,16,118,45,BN256-grouped,496.2,496.5,505.0,18.0,1931.0
final,25,round_25_mimo.log,32,241,48,BN256-grouped,515.8,510.0,518.8,35.3,1986.0
final,25,round_25_mimo.log,64,546,48,BN256-grouped,539.4,535.5,543.6,76.4,1912.0
final,25,round_25_mimo.log,128,984,48,BN256-grouped,546.9,568.3,580.3,135.8,1904.0
final,25,round_25_mimo.log,256,2037,48,BN256-grouped,551.8,549.4,556.1,278.7,1930.0
final,25,round_25_mimo.log,512,4097,48,BN256-grouped,1015.0,1013.9,1022.0,304.7,1095.0
final,25,round_25_mimo.log,1024,8140,48,BN256-grouped,1540.0,1532.9,1541.0,399.1,781.0
final,25,round_25_mimo.log,2048,16409,48,BN256-grouped,2881.0,2876.4,2882.0,430.0,482.0
final,25,round_25_mimo.log,4096,32686,48,BN256-grouped,5452.0,5443.9,5452.0,452.6,322.0
final,25,round_25_mimo.log,8192,65538,48,BN256-grouped,10548.0,10549.4,10558.0,469.1,237.0
final,26,round_26_mimo.log,8,64,39,BN256-grouped,439.6,437.8,443.2,11.0,1887.0
final,26,round_26_mimo.log,16,118,45,BN256-grouped,519.1,510.2,519.1,17.2,1846.0
final,26,round_26_mimo.log,32,241,48,BN256-grouped,530.7,523.6,530.7,34.3,1931.0
final,26,round_26_mimo.log,64,546,48,BN256-grouped,536.3,541.0,549.2,76.9,1923.0
final,26,round_26_mimo.log,128,984,48,BN256-grouped,564.3,568.8,581.8,131.6,1845.0
final,26,round_26_mimo.log,256,2037,48,BN256-grouped,583.6,574.2,585.5,263.5,1825.0
final,26,round_26_mimo.log,512,4097,48,BN256-grouped,1032.0,1025.0,1032.0,299.7,1077.0
final,26,round_26_mimo.log,1024,8140,48,BN256-grouped,1555.0,1563.1,1572.0,395.2,773.0
final,26,round_26_mimo.log,2048,16409,48,BN256-grouped,2892.0,2893.6,2899.0,428.4,480.0
final,26,round_26_mimo.log,4096,32686,48,BN256-grouped,5448.0,5444.0,5448.0,453.0,322.0
final,26,round_26_mimo.log,8192,65538,48,BN256-grouped,10536.0,10530.9,10536.0,469.6,237.0
final,27,round_27_mimo.log,8,64,39,BN256-grouped,508.2,499.9,514.7,9.5,1632.0
final,27,round_27_mimo.log,16,118,45,BN256-grouped,494.5,498.0,505.3,18.0,1938.0
final,27,round_27_mimo.log,32,241,48,BN256-grouped,519.0,511.7,521.2,35.1,1974.0
final,27,round_27_mimo.log,64,546,48,BN256-grouped,561.7,554.4,562.7,73.4,1836.0
final,27,round_27_mimo.log,128,984,48,BN256-grouped,583.9,589.6,606.1,127.2,1783.0
final,27,round_27_mimo.log,256,2037,48,BN256-grouped,564.6,560.0,566.9,272.4,1886.0
final,27,round_27_mimo.log,512,4097,48,BN256-grouped,1016.0,1010.6,1016.0,304.4,1094.0
final,27,round_27_mimo.log,1024,8140,48,BN256-grouped,1571.0,1560.1,1573.0,391.2,765.0
final,27,round_27_mimo.log,2048,16409,48,BN256-grouped,2889.0,2884.4,2893.0,428.8,481.0
final,27,round_27_mimo.log,4096,32686,48,BN256-grouped,5462.0,5460.5,5473.0,451.8,321.0
final,27,round_27_mimo.log,8192,65538,48,BN256-grouped,10616.0,10605.4,10628.0,466.1,235.0
final,28,round_28_mimo.log,8,64,39,BN256-grouped,439.9,435.0,439.9,11.0,1886.0
final,28,round_28_mimo.log,16,118,45,BN256-grouped,497.3,500.1,507.1,17.9,1927.0
final,28,round_28_mimo.log,32,241,48,BN256-grouped,505.0,506.5,511.3,36.0,2029.0
final,28,round_28_mimo.log,64,546,48,BN256-grouped,563.5,556.8,566.0,73.2,1830.0
final,28,round_28_mimo.log,128,984,48,BN256-grouped,556.9,553.4,559.7,133.4,1870.0
final,28,round_28_mimo.log,256,2037,48,BN256-grouped,575.3,570.3,578.5,267.3,1851.0
final,28,round_28_mimo.log,512,4097,48,BN256-grouped,1061.0,1049.6,1061.0,291.5,1048.0
final,28,round_28_mimo.log,1024,8140,48,BN256-grouped,1548.0,1542.8,1551.0,397.0,777.0
final,28,round_28_mimo.log,2048,16409,48,BN256-grouped,2949.0,2933.0,2949.0,420.1,471.0
final,28,round_28_mimo.log,4096,32686,48,BN256-grouped,5465.0,5459.9,5469.0,451.5,321.0
final,28,round_28_mimo.log,8192,65538,48,BN256-grouped,10723.0,10694.0,10726.0,461.4,233.0
final,29,round_29_mimo.log,8,64,39,BN256-grouped,457.1,453.9,459.9,10.6,1815.0
final,29,round_29_mimo.log,16,118,45,BN256-grouped,503.3,503.6,509.1,17.7,1904.0
final,29,round_29_mimo.log,32,241,48,BN256-grouped,517.2,513.0,518.5,35.2,1981.0
final,29,round_29_mimo.log,64,546,48,BN256-grouped,541.2,540.5,547.1,76.2,1906.0
final,29,round_29_mimo.log,128,984,48,BN256-grouped,538.0,539.1,543.5,138.1,1936.0
final,29,round_29_mimo.log,256,2037,48,BN256-grouped,563.8,570.6,577.3,272.8,1889.0
final,29,round_29_mimo.log,512,4097,48,BN256-grouped,1030.0,1034.0,1043.0,300.3,1079.0
final,29,round_29_mimo.log,1024,8140,48,BN256-grouped,1540.0,1538.2,1546.0,399.1,781.0
final,29,round_29_mimo.log,2048,16409,48,BN256-grouped,2872.0,2871.0,2875.0,431.4,484.0
final,29,round_29_mimo.log,4096,32686,48,BN256-grouped,5433.0,5434.0,5438.0,454.2,323.0
final,29,round_29_mimo.log,8192,65538,48,BN256-grouped,10536.0,10534.0,10541.0,469.6,237.0
final,30,round_30_mimo.log,8,64,39,BN256-grouped,434.2,437.0,440.1,11.1,1910.0
final,30,round_30_mimo.log,16,118,45,BN256-grouped,521.1,518.2,526.2,17.1,1839.0
final,30,round_30_mimo.log,32,241,48,BN256-grouped,511.8,509.3,515.4,35.5,2002.0
final,30,round_30_mimo.log,64,546,48,BN256-grouped,537.6,536.7,543.2,76.7,1919.0
final,30,round_30_mimo.log,128,984,48,BN256-grouped,529.4,535.9,541.0,140.3,1967.0
final,30,round_30_mimo.log,256,2037,48,BN256-grouped,550.9,553.9,559.8,279.2,1933.0
final,30,round_30_mimo.log,512,4097,48,BN256-grouped,1013.0,1019.0,1025.0,305.3,1097.0
final,30,round_30_mimo.log,1024,8140,48,BN256-grouped,1539.0,1548.4,1558.0,399.3,781.0
final,30,round_30_mimo.log,2048,16409,48,BN256-grouped,2883.0,2886.0,2894.0,429.7,482.0
final,30,round_30_mimo.log,4096,32686,48,BN256-grouped,5452.0,5455.5,5464.0,452.6,322.0
final,30,round_30_mimo.log,8192,65538,48,BN256-grouped,10514.0,10522.2,10530.0,470.6,237.0
